{
  "config": {
    "feature": {
      "config": {
        "feature": {
          "config": {
            "feature": {
              "config": {
                "target": {
                  "Name": "minecraft:netherrack"
                },
                "state": {
                  "Name": "minecraft:blackstone"
                },
                "radius": {
                  "type": "minecraft:uniform",
                  "value": {
                    "min_inclusive": 3,
                    "max_inclusive": 7
                  }
                }
              },
              "type": "minecraft:netherrack_replace_blobs"
            },
            "decorator": {
              "config": {
                "bottom_inclusive": {
                  "above_bottom": 0
                },
                "top_inclusive": {
                  "below_top": 0
                }
              },
              "type": "minecraft:range"
            }
          },
          "type": "minecraft:decorated"
        },
        "decorator": {
          "config": {},
          "type": "minecraft:square"
        }
      },
      "type": "minecraft:decorated"
    },
    "decorator": {
      "config": {
        "count": 25
      },
      "type": "minecraft:count"
    }
  },
  "type": "minecraft:decorated"
}