{
  "config": {
    "feature": {
      "config": {
        "state_provider": {
          "entries": [
            {
              "data": {
                "Name": "minecraft:crimson_roots"
              },
              "weight": 87
            },
            {
              "data": {
                "Name": "minecraft:crimson_fungus"
              },
              "weight": 11
            },
            {
              "data": {
                "Name": "minecraft:warped_fungus"
              },
              "weight": 1
            }
          ],
          "type": "minecraft:weighted_state_provider"
        }
      },
      "type": "minecraft:nether_forest_vegetation"
    },
    "decorator": {
      "config": {
        "count": 6
      },
      "type": "minecraft:count_multilayer"
    }
  },
  "type": "minecraft:decorated"
}