{
  "config": {
    "feature": {
      "config": {
        "feature": {
          "config": {
            "feature": {
              "config": {
                "feature": "minecraft:end_island",
                "decorator": {
                  "config": {
                    "height": {
                      "min_inclusive": {
                        "absolute": 55
                      },
                      "max_inclusive": {
                        "absolute": 70
                      },
                      "type": "minecraft:uniform"
                    }
                  },
                  "type": "minecraft:range"
                }
              },
              "type": "minecraft:decorated"
            },
            "decorator": {
              "config": {},
              "type": "minecraft:square"
            }
          },
          "type": "minecraft:decorated"
        },
        "decorator": {
          "config": {
            "count": 1,
            "extra_chance": 0.25,
            "extra_count": 1
          },
          "type": "minecraft:count_extra"
        }
      },
      "type": "minecraft:decorated"
    },
    "decorator": {
      "config": {
        "chance": 14
      },
      "type": "minecraft:chance"
    }
  },
  "type": "minecraft:decorated"
}