{
  "config": {
    "feature": {
      "config": {
        "feature": {
          "config": {
            "feature": {
              "config": {
                "feature": {
                  "config": {
                    "features": [
                      {
                        "config": {
                          "can_replace": false,
                          "project": false,
                          "need_water": false,
                          "xspread": 7,
                          "yspread": 3,
                          "zspread": 7,
                          "whitelist": [],
                          "blacklist": [],
                          "tries": 64,
                          "state_provider": {
                            "state": {
                              "Properties": {
                                "half": "lower"
                              },
                              "Name": "minecraft:lilac"
                            },
                            "type": "minecraft:simple_state_provider"
                          },
                          "block_placer": {
                            "type": "minecraft:double_plant_placer"
                          }
                        },
                        "type": "minecraft:random_patch"
                      },
                      {
                        "config": {
                          "can_replace": false,
                          "project": false,
                          "need_water": false,
                          "xspread": 7,
                          "yspread": 3,
                          "zspread": 7,
                          "whitelist": [],
                          "blacklist": [],
                          "tries": 64,
                          "state_provider": {
                            "state": {
                              "Properties": {
                                "half": "lower"
                              },
                              "Name": "minecraft:rose_bush"
                            },
                            "type": "minecraft:simple_state_provider"
                          },
                          "block_placer": {
                            "type": "minecraft:double_plant_placer"
                          }
                        },
                        "type": "minecraft:random_patch"
                      },
                      {
                        "config": {
                          "can_replace": false,
                          "project": false,
                          "need_water": false,
                          "xspread": 7,
                          "yspread": 3,
                          "zspread": 7,
                          "whitelist": [],
                          "blacklist": [],
                          "tries": 64,
                          "state_provider": {
                            "state": {
                              "Properties": {
                                "half": "lower"
                              },
                              "Name": "minecraft:peony"
                            },
                            "type": "minecraft:simple_state_provider"
                          },
                          "block_placer": {
                            "type": "minecraft:double_plant_placer"
                          }
                        },
                        "type": "minecraft:random_patch"
                      },
                      {
                        "config": {
                          "can_replace": false,
                          "project": true,
                          "need_water": false,
                          "xspread": 7,
                          "yspread": 3,
                          "zspread": 7,
                          "whitelist": [],
                          "blacklist": [],
                          "tries": 64,
                          "state_provider": {
                            "state": {
                              "Name": "minecraft:lily_of_the_valley"
                            },
                            "type": "minecraft:simple_state_provider"
                          },
                          "block_placer": {
                            "type": "minecraft:simple_block_placer"
                          }
                        },
                        "type": "minecraft:no_bonemeal_flower"
                      }
                    ]
                  },
                  "type": "minecraft:simple_random_selector"
                },
                "decorator": {
                  "config": {
                    "count": {
                      "type": "minecraft:uniform",
                      "value": {
                        "min_inclusive": -1,
                        "max_inclusive": 3
                      }
                    }
                  },
                  "type": "minecraft:count"
                }
              },
              "type": "minecraft:decorated"
            },
            "decorator": {
              "config": {},
              "type": "minecraft:spread_32_above"
            }
          },
          "type": "minecraft:decorated"
        },
        "decorator": {
          "config": {
            "outer": {
              "config": {},
              "type": "minecraft:square"
            },
            "inner": {
              "config": {
                "heightmap": "MOTION_BLOCKING"
              },
              "type": "minecraft:heightmap"
            }
          },
          "type": "minecraft:decorated"
        }
      },
      "type": "minecraft:decorated"
    },
    "decorator": {
      "config": {
        "count": 5
      },
      "type": "minecraft:count"
    }
  },
  "type": "minecraft:decorated"
}