{
  "config": {
    "feature": {
      "config": {
        "feature": {
          "config": {
            "feature": {
              "config": {
                "can_place_on_wall": true,
                "chance_of_spreading": 0.5,
                "can_be_placed_on": [
                  {
                    "Name": "minecraft:stone"
                  },
                  {
                    "Name": "minecraft:andesite"
                  },
                  {
                    "Name": "minecraft:diorite"
                  },
                  {
                    "Name": "minecraft:granite"
                  },
                  {
                    "Name": "minecraft:dripstone_block"
                  },
                  {
                    "Name": "minecraft:calcite"
                  },
                  {
                    "Name": "minecraft:tuff"
                  },
                  {
                    "Properties": {
                      "axis": "y"
                    },
                    "Name": "minecraft:deepslate"
                  }
                ],
                "search_range": 20,
                "can_place_on_floor": false,
                "can_place_on_ceiling": true
              },
              "type": "minecraft:glow_lichen"
            },
            "decorator": {
              "config": {},
              "type": "minecraft:square"
            }
          },
          "type": "minecraft:decorated"
        },
        "decorator": {
          "config": {
            "bottom_inclusive": {
              "above_bottom": 0
            },
            "top_inclusive": {
              "absolute": 54
            }
          },
          "type": "minecraft:range"
        }
      },
      "type": "minecraft:decorated"
    },
    "decorator": {
      "config": {
        "count": {
          "type": "minecraft:uniform",
          "value": {
            "min_inclusive": 40,
            "max_inclusive": 60
          }
        }
      },
      "type": "minecraft:count"
    }
  },
  "type": "minecraft:decorated"
}