{
  "config": {
    "vegetation_chance": 0.8,
    "xz_radius": {
      "type": "minecraft:uniform",
      "value": {
        "min_inclusive": 1,
        "max_inclusive": 3
      }
    },
    "extra_edge_column_chance": 0.0,
    "extra_bottom_block_chance": 0.0,
    "vertical_range": 5,
    "vegetation_feature": "minecraft:moss_vegetation",
    "surface": "floor",
    "depth": 1,
    "replaceable": "minecraft:lush_plants_replaceable",
    "ground_state": {
      "state": {
        "Name": "minecraft:moss_block"
      },
      "type": "minecraft:simple_state_provider"
    }
  },
  "type": "minecraft:vegetation_patch"
}