{
  "config": {
    "feature": {
      "config": {
        "feature": {
          "config": {
            "targets": [
              {
                "target": {
                  "tag": "minecraft:base_stone_nether",
                  "predicate_type": "minecraft:tag_match"
                },
                "state": {
                  "Name": "minecraft:ancient_debris"
                }
              }
            ],
            "size": 2,
            "discard_chance_on_air_exposure": 1.0
          },
          "type": "minecraft:scattered_ore"
        },
        "decorator": {
          "config": {
            "bottom_inclusive": {
              "above_bottom": 8
            },
            "top_inclusive": {
              "below_top": 8
            }
          },
          "type": "minecraft:range"
        }
      },
      "type": "minecraft:decorated"
    },
    "decorator": {
      "config": {},
      "type": "minecraft:square"
    }
  },
  "type": "minecraft:decorated"
}