{
  "config": {
    "feature": {
      "config": {
        "feature": {
          "config": {
            "can_replace": false,
            "project": false,
            "need_water": true,
            "xspread": 4,
            "yspread": 0,
            "zspread": 4,
            "whitelist": [],
            "blacklist": [],
            "tries": 20,
            "state_provider": {
              "state": {
                "Properties": {
                  "age": "0"
                },
                "Name": "minecraft:sugar_cane"
              },
              "type": "minecraft:simple_state_provider"
            },
            "block_placer": {
              "size": {
                "type": "minecraft:biased_to_bottom",
                "value": {
                  "min_inclusive": 2,
                  "max_inclusive": 4
                }
              },
              "type": "minecraft:column_placer"
            }
          },
          "type": "minecraft:random_patch"
        },
        "decorator": {
          "config": {
            "outer": {
              "config": {},
              "type": "minecraft:square"
            },
            "inner": {
              "config": {
                "heightmap": "MOTION_BLOCKING"
              },
              "type": "minecraft:heightmap_spread_double"
            }
          },
          "type": "minecraft:decorated"
        }
      },
      "type": "minecraft:decorated"
    },
    "decorator": {
      "config": {
        "count": 10
      },
      "type": "minecraft:count"
    }
  },
  "type": "minecraft:decorated"
}