{
  "config": {
    "feature": {
      "config": {
        "feature": {
          "config": {
            "fossil_processors": "minecraft:fossil_rot",
            "overlay_processors": "minecraft:fossil_coal",
            "max_empty_corners_allowed": 4,
            "fossil_structures": [
              "minecraft:fossil/spine_1",
              "minecraft:fossil/spine_2",
              "minecraft:fossil/spine_3",
              "minecraft:fossil/spine_4",
              "minecraft:fossil/skull_1",
              "minecraft:fossil/skull_2",
              "minecraft:fossil/skull_3",
              "minecraft:fossil/skull_4"
            ],
            "overlay_structures": [
              "minecraft:fossil/spine_1_coal",
              "minecraft:fossil/spine_2_coal",
              "minecraft:fossil/spine_3_coal",
              "minecraft:fossil/spine_4_coal",
              "minecraft:fossil/skull_1_coal",
              "minecraft:fossil/skull_2_coal",
              "minecraft:fossil/skull_3_coal",
              "minecraft:fossil/skull_4_coal"
            ]
          },
          "type": "minecraft:fossil"
        },
        "decorator": {
          "config": {
            "height": {
              "min_inclusive": {
                "absolute": 0
              },
              "max_inclusive": {
                "below_top": 0
              },
              "type": "minecraft:uniform"
            }
          },
          "type": "minecraft:range"
        }
      },
      "type": "minecraft:decorated"
    },
    "decorator": {
      "config": {
        "chance": 64
      },
      "type": "minecraft:chance"
    }
  },
  "type": "minecraft:decorated"
}