{
  "config": {
    "feature": {
      "config": {
        "feature": {
          "config": {
            "feature": {
              "config": {
                "feature": {
                  "config": {
                    "max_placements": 5,
                    "empty_space_search_radius": 10,
                    "max_offset_from_origin": 2,
                    "chance_of_taller_dripstone": 0.2
                  },
                  "type": "minecraft:small_dripstone"
                },
                "decorator": {
                  "config": {
                    "bottom_inclusive": {
                      "above_bottom": 0
                    },
                    "top_inclusive": {
                      "absolute": 59
                    }
                  },
                  "type": "minecraft:range"
                }
              },
              "type": "minecraft:decorated"
            },
            "decorator": {
              "config": {},
              "type": "minecraft:square"
            }
          },
          "type": "minecraft:decorated"
        },
        "decorator": {
          "config": {
            "count": {
              "type": "minecraft:uniform",
              "value": {
                "min_inclusive": 40,
                "max_inclusive": 80
              }
            }
          },
          "type": "minecraft:count"
        }
      },
      "type": "minecraft:decorated"
    },
    "decorator": {
      "config": {
        "chance": 30
      },
      "type": "minecraft:chance"
    }
  },
  "type": "minecraft:decorated"
}