{
  "config": {
    "feature": {
      "config": {
        "feature": "minecraft:patch_red_mushroom",
        "decorator": {
          "config": {
            "bottom_inclusive": {
              "above_bottom": 0
            },
            "top_inclusive": {
              "below_top": 0
            }
          },
          "type": "minecraft:range"
        }
      },
      "type": "minecraft:decorated"
    },
    "decorator": {
      "config": {
        "chance": 2
      },
      "type": "minecraft:chance"
    }
  },
  "type": "minecraft:decorated"
}