{
  "config": {
    "feature": {
      "config": {
        "feature": {
          "config": {
            "feature": {
              "config": {
                "rock_count": 5,
                "hole_count": 0,
                "valid_blocks": [
                  "minecraft:netherrack"
                ],
                "state": {
                  "Properties": {
                    "falling": "true"
                  },
                  "Name": "minecraft:lava"
                },
                "requires_block_below": false
              },
              "type": "minecraft:spring_feature"
            },
            "decorator": {
              "config": {
                "bottom_inclusive": {
                  "above_bottom": 10
                },
                "top_inclusive": {
                  "below_top": 10
                }
              },
              "type": "minecraft:range"
            }
          },
          "type": "minecraft:decorated"
        },
        "decorator": {
          "config": {},
          "type": "minecraft:square"
        }
      },
      "type": "minecraft:decorated"
    },
    "decorator": {
      "config": {
        "count": 32
      },
      "type": "minecraft:count"
    }
  },
  "type": "minecraft:decorated"
}