{
  "config": {
    "yScale": 3.0,
    "lava_level": {
      "above_bottom": 9
    },
    "debug_settings": {
      "air_state": {
        "Properties": {
          "powered": "false",
          "facing": "north",
          "face": "wall"
        },
        "Name": "minecraft:warped_button"
      }
    },
    "probability": 0.02,
    "y": {
      "type": "minecraft:uniform",
      "value": {
        "min_inclusive": {
          "absolute": 10
        },
        "max_inclusive": {
          "absolute": 67
        }
      }
    },
    "vertical_rotation": {
      "type": "minecraft:uniform",
      "value": {
        "min_inclusive": -0.125,
        "max_exclusive": 0.125
      }
    },
    "shape": {
      "horizontal_radius_factor": {
        "type": "minecraft:uniform",
        "value": {
          "min_inclusive": 0.75,
          "max_exclusive": 1.0
        }
      },
      "vertical_radius_default_factor": 1.0,
      "vertical_radius_center_factor": 0.0,
      "distance_factor": {
        "type": "minecraft:uniform",
        "value": {
          "min_inclusive": 0.75,
          "max_exclusive": 1.0
        }
      },
      "thickness": {
        "type": "minecraft:trapezoid",
        "value": {
          "min": 0.0,
          "max": 6.0,
          "plateau": 2.0
        }
      },
      "width_smoothness": 3
    }
  },
  "type": "minecraft:canyon"
}