{
  "noise_caves_enabled": false,
  "deepslate_enabled": false,
  "ore_veins_enabled": false,
  "noodle_caves_enabled": false,
  "min_surface_level": 0,
  "disable_mob_generation": false,
  "aquifers_enabled": false,
  "default_fluid": {
    "Properties": {
      "level": "0"
    },
    "Name": "minecraft:water"
  },
  "bedrock_roof_position": 0,
  "bedrock_floor_position": 0,
  "sea_level": 32,
  "structures": {
    "stronghold": {
      "distance": 32,
      "spread": 3,
      "count": 128
    },
    "structures": {
      "minecraft:endcity": {
        "spacing": 20,
        "separation": 11,
        "salt": 10387313
      },
      "minecraft:desert_pyramid": {
        "spacing": 32,
        "separation": 8,
        "salt": 14357617
      },
      "minecraft:ruined_portal": {
        "spacing": 25,
        "separation": 10,
        "salt": 34222645
      },
      "minecraft:bastion_remnant": {
        "spacing": 27,
        "separation": 4,
        "salt": 30084232
      },
      "minecraft:swamp_hut": {
        "spacing": 32,
        "separation": 8,
        "salt": 14357620
      },
      "minecraft:pillager_outpost": {
        "spacing": 32,
        "separation": 8,
        "salt": 165745296
      },
      "minecraft:igloo": {
        "spacing": 32,
        "separation": 8,
        "salt": 14357618
      },
      "minecraft:mansion": {
        "spacing": 80,
        "separation": 20,
        "salt": 10387319
      },
      "minecraft:village": {
        "spacing": 32,
        "separation": 8,
        "salt": 10387312
      },
      "minecraft:mineshaft": {
        "spacing": 1,
        "separation": 0,
        "salt": 0
      },
      "minecraft:jungle_pyramid": {
        "spacing": 32,
        "separation": 8,
        "salt": 14357619
      },
      "minecraft:buried_treasure": {
        "spacing": 1,
        "separation": 0,
        "salt": 0
      },
      "minecraft:ocean_ruin": {
        "spacing": 20,
        "separation": 8,
        "salt": 14357621
      },
      "minecraft:fortress": {
        "spacing": 27,
        "separation": 4,
        "salt": 30084232
      },
      "minecraft:nether_fossil": {
        "spacing": 2,
        "separation": 1,
        "salt": 14357921
      },
      "minecraft:stronghold": {
        "spacing": 1,
        "separation": 0,
        "salt": 0
      },
      "minecraft:shipwreck": {
        "spacing": 24,
        "separation": 4,
        "salt": 165745295
      },
      "minecraft:monument": {
        "spacing": 32,
        "separation": 5,
        "salt": 10387313
      }
    }
  },
  "noise": {
    "simplex_surface_noise": false,
    "size_vertical": 2,
    "density_factor": 0.0,
    "density_offset": 0.019921875,
    "top_slide": {
      "target": 120,
      "size": 3,
      "offset": 0
    },
    "bottom_slide": {
      "target": 320,
      "size": 4,
      "offset": -1
    },
    "size_horizontal": 1,
    "min_y": 0,
    "height": 128,
    "sampling": {
      "xz_scale": 1.0,
      "y_scale": 3.0,
      "xz_factor": 80.0,
      "y_factor": 60.0
    }
  },
  "default_block": {
    "Name": "minecraft:stone"
  }
}