{
  "config": {
    "feature": {
      "config": {
        "feature": {
          "config": {},
          "type": "minecraft:chorus_plant"
        },
        "decorator": {
          "config": {
            "outer": {
              "config": {},
              "type": "minecraft:square"
            },
            "inner": {
              "config": {},
              "type": "minecraft:heightmap"
            }
          },
          "type": "minecraft:decorated"
        }
      },
      "type": "minecraft:decorated"
    },
    "decorator": {
      "config": {
        "count": {
          "base": 0,
          "spread": 4
        }
      },
      "type": "minecraft:count"
    }
  },
  "type": "minecraft:decorated"
}