{
  "config": {
    "feature": {
      "config": {
        "state": {
          "Name": "minecraft:clay"
        },
        "radius": {
          "base": 2,
          "spread": 1
        },
        "half_height": 1,
        "targets": [
          {
            "Name": "minecraft:dirt"
          },
          {
            "Name": "minecraft:clay"
          }
        ]
      },
      "type": "minecraft:disk"
    },
    "decorator": {
      "config": {
        "outer": {
          "config": {},
          "type": "minecraft:square"
        },
        "inner": {
          "config": {},
          "type": "minecraft:top_solid_heightmap"
        }
      },
      "type": "minecraft:decorated"
    }
  },
  "type": "minecraft:decorated"
}